x,y,div_category,left,top,width,height,padding,fontSize,margin,lineHeight,borderRadius,backgroundColor_R,backgroundColor_G,backgroundColor_B,color_R,color_G,color_B,position_absolute,display_flex,alignItems_center,boxSizing_border-box,fontWeight_bold,border_none,cursor_pointer,hits
-1,8,0,-1,8,451,62,24,1.1,-1,-1,16,255,255,255,-1,-1,-1,1,1,1,1,0,0,0,8
40,152,1,40,152,355,100,18,3.8,0,1,10,-1,-1,-1,36,42,35,1,0,0,0,0,0,0,15
99,204,2,99,204,147,40,16,0.7,-1,-1,9,35,38,28,244,255,255,1,0,0,0,1,1,1,29
148,151,2,148,151,141,55,18,0.6,-1,-1,9,0,0,0,240,254,251,1,0,0,0,1,1,1,23
1,1,0,1,1,453,72,23,1.1,-1,-1,16,254,255,248,-1,-1,-1,1,1,1,1,0,0,0,10
-2,-3,0,-2,-3,446,72,23,0.8,-1,-1,15,255,255,254,-1,-1,-1,1,1,1,1,0,0,0,5
16,119,1,16,119,350,103,17,3.3,0,1,17,-1,-1,-1,0,2,0,1,0,0,0,0,0,0,13
46,148,1,46,148,351,98,17,3.6,0,1,14,-1,-1,-1,0,0,0,1,0,0,0,0,0,0,12
20,138,1,20,138,355,94,15,3.5,0,1,14,-1,-1,-1,0,1,0,1,0,0,0,0,0,0,17
40,151,1,40,151,347,102,15,3.5,0,1,13,-1,-1,-1,33,30,35,1,0,0,0,0,0,0,14
202,23,2,202,23,145,52,14,1.3,-1,-1,7,0,0,0,255,249,255,1,0,0,0,1,1,1,26
4,137,1,4,137,358,95,15,3.3,0,1,16,-1,-1,-1,47,51,66,1,0,0,0,0,0,0,13
301,278,2,301,278,135,41,16,1.0,-1,-1,12,1,0,8,250,255,255,1,0,0,0,1,1,1,25
42,143,1,42,143,348,96,16,3.7,0,1,17,-1,-1,-1,38,37,36,1,0,0,0,0,0,0,17
-3,0,0,-3,0,455,66,26,0.9,-1,-1,17,235,235,238,-1,-1,-1,1,1,1,1,0,0,0,10
1,-6,0,1,-6,461,61,25,0.9,-1,-1,13,255,255,253,-1,-1,-1,1,1,1,1,0,0,0,13
8,223,2,8,223,134,59,17,1.0,-1,-1,9,0,0,1,254,250,252,1,0,0,0,1,1,1,23
102,197,2,102,197,143,41,17,1.1,-1,-1,9,27,32,35,244,255,252,1,0,0,0,1,1,1,26
145,148,2,145,148,141,39,15,0.9,-1,-1,14,3,4,1,253,250,252,1,0,0,0,1,1,1,26
151,244,2,151,244,162,38,15,1.2,-1,-1,7,6,6,0,255,255,254,1,0,0,0,1,1,1,25
32,121,1,32,121,348,107,15,3.0,0,1,18,-1,-1,-1,0,0,0,1,0,0,0,0,0,0,11
41,97,1,41,97,349,94,19,3.9,0,1,15,-1,-1,-1,0,3,0,1,0,0,0,0,0,0,14
39,140,1,39,140,345,91,17,3.7,0,1,15,-1,-1,-1,0,0,6,1,0,0,0,0,0,0,33
-2,131,1,-2,131,346,91,20,3.5,0,1,14,-1,-1,-1,60,42,54,1,0,0,0,0,0,0,14
-4,1,0,-4,1,447,63,31,0.9,-1,-1,17,255,252,255,-1,-1,-1,1,1,1,1,0,0,0,13
40,147,1,40,147,350,93,15,3.7,0,1,16,-1,-1,-1,33,42,32,1,0,0,0,0,0,0,17
-1,1,0,-1,1,458,61,20,1.2,-1,-1,17,252,244,254,-1,-1,-1,1,1,1,1,0,0,0,9
204,284,2,204,284,144,43,17,0.6,-1,-1,10,9,3,0,249,255,255,1,0,0,0,1,1,1,26
10,223,2,10,223,136,50,18,1.3,-1,-1,7,1,0,0,255,251,253,1,0,0,0,1,1,1,28
1,3,0,1,3,453,62,26,0.7,-1,-1,16,250,245,249,-1,-1,-1,1,1,1,1,0,0,0,10
148,150,2,148,150,137,43,15,0.8,-1,-1,8,4,0,3,255,251,255,1,0,0,0,1,1,1,23
69,277,2,69,277,149,43,13,1.2,-1,-1,8,11,0,0,254,254,255,1,0,0,0,1,1,1,25
1,11,0,1,11,455,57,20,1.0,-1,-1,14,250,255,255,-1,-1,-1,1,1,1,1,0,0,0,12
3,-4,0,3,-4,452,59,23,1.0,-1,-1,16,253,255,254,-1,-1,-1,1,1,1,1,0,0,0,8
7,126,1,7,126,357,97,13,3.3,0,1,16,-1,-1,-1,5,3,5,1,0,0,0,0,0,0,16
0,3,0,0,3,455,72,29,0.8,-1,-1,14,250,251,248,-1,-1,-1,1,1,1,1,0,0,0,9
0,1,0,0,1,438,64,23,1.0,-1,-1,18,249,235,245,-1,-1,-1,1,1,1,1,0,0,0,14
0,11,0,0,11,455,65,22,1.1,-1,-1,17,253,254,253,-1,-1,-1,1,1,1,1,0,0,0,11
5,1,0,5,1,461,74,24,0.7,-1,-1,15,248,255,254,-1,-1,-1,1,1,1,1,0,0,0,12
34,208,2,34,208,147,48,18,1.3,-1,-1,9,51,52,58,251,255,255,1,0,0,0,1,1,1,26
1,2,0,1,2,457,62,29,0.9,-1,-1,17,247,251,245,-1,-1,-1,1,1,1,1,0,0,0,9
17,211,2,17,211,142,46,16,1.1,-1,-1,6,29,34,27,255,255,255,1,0,0,0,1,1,1,27
-1,5,0,-1,5,455,67,22,0.9,-1,-1,17,243,254,249,-1,-1,-1,1,1,1,1,0,0,0,11
197,18,2,197,18,145,46,13,0.9,-1,-1,7,0,0,0,251,255,251,1,0,0,0,1,1,1,28
36,162,1,36,162,354,95,15,4.2,0,1,14,-1,-1,-1,0,2,6,1,0,0,0,0,0,0,11
-4,-2,0,-4,-2,452,64,30,0.9,-1,-1,17,255,244,255,-1,-1,-1,1,1,1,1,0,0,0,11
15,144,1,15,144,355,105,19,2.8,0,1,16,-1,-1,-1,2,0,0,1,0,0,0,0,0,0,17
38,124,1,38,124,358,104,16,3.4,0,1,14,-1,-1,-1,3,8,6,1,0,0,0,0,0,0,15
50,241,2,50,241,133,57,15,1.1,-1,-1,9,0,1,2,254,255,255,1,0,0,0,1,1,1,25
42,155,1,42,155,348,99,16,3.3,0,1,17,-1,-1,-1,43,35,31,1,0,0,0,0,0,0,16
47,137,1,47,137,351,97,14,3.5,0,1,15,-1,-1,-1,0,5,3,1,0,0,0,0,0,0,15
26,124,1,26,124,349,95,19,3.3,0,1,15,-1,-1,-1,8,0,1,1,0,0,0,0,0,0,14
249,259,2,249,259,145,48,19,1.1,-1,-1,9,0,0,5,255,255,255,1,0,0,0,1,1,1,24
4,3,0,4,3,445,64,27,0.6,-1,-1,17,244,249,255,-1,-1,-1,1,1,1,1,0,0,0,11
44,145,1,44,145,350,97,16,3.6,0,1,12,-1,-1,-1,0,0,0,1,0,0,0,0,0,0,14
40,103,1,40,103,356,101,15,4.0,0,1,18,-1,-1,-1,0,0,0,1,0,0,0,0,0,0,15
103,228,2,103,228,137,48,15,1.0,-1,-1,7,13,25,16,255,255,255,1,0,0,0,1,1,1,25
43,98,1,43,98,350,107,19,4.0,0,1,15,-1,-1,-1,0,11,1,1,0,0,0,0,0,0,16
1,2,0,1,2,448,67,27,0.9,-1,-1,17,255,255,255,-1,-1,-1,1,1,1,1,0,0,0,7
43,136,1,43,136,348,105,14,3.2,0,1,18,-1,-1,-1,0,3,7,1,0,0,0,0,0,0,15
31,238,2,31,238,142,48,19,1.4,-1,-1,2,3,5,2,255,255,253,1,0,0,0,1,1,1,26
-2,0,0,-2,0,448,62,20,0.8,-1,-1,14,255,254,254,-1,-1,-1,1,1,1,1,0,0,0,21
48,131,1,48,131,352,94,13,3.3,0,1,19,-1,-1,-1,9,7,1,1,0,0,0,0,0,0,15
-5,6,0,-5,6,457,74,25,1.0,-1,-1,14,246,242,255,-1,-1,-1,1,1,1,1,0,0,0,9
2,3,0,2,3,454,63,26,1.1,-1,-1,14,255,255,255,-1,-1,-1,1,1,1,1,0,0,0,10
3,139,1,3,139,352,99,15,3.5,0,1,16,-1,-1,-1,52,55,45,1,0,0,0,0,0,0,17
103,232,2,103,232,145,56,14,1.2,-1,-1,9,25,21,23,255,250,248,1,0,0,0,1,1,1,24
46,142,1,46,142,353,99,20,3.7,0,1,19,-1,-1,-1,0,0,0,1,0,0,0,0,0,0,11
199,19,2,199,19,150,50,17,1.0,-1,-1,5,1,0,0,246,255,255,1,0,0,0,1,1,1,26
44,158,1,44,158,355,99,19,4.3,0,1,17,-1,-1,-1,0,0,0,1,0,0,0,0,0,0,14
19,122,1,19,122,354,100,17,3.3,0,1,16,-1,-1,-1,6,7,1,1,0,0,0,0,0,0,17
-4,-4,0,-4,-4,447,67,24,1.3,-1,-1,14,248,251,255,-1,-1,-1,1,1,1,1,0,0,0,10
42,138,1,42,138,349,102,19,3.8,0,1,19,-1,-1,-1,10,4,0,1,0,0,0,0,0,0,16
39,285,2,39,285,135,44,18,0.7,-1,-1,13,3,0,4,255,255,255,1,0,0,0,1,1,1,21
53,141,1,53,141,356,96,17,3.5,0,1,18,-1,-1,-1,5,0,6,1,0,0,0,0,0,0,18
149,147,2,149,147,141,53,16,0.8,-1,-1,12,2,0,1,253,253,253,1,0,0,0,1,1,1,24
0,14,0,0,14,460,62,24,1.0,-1,-1,18,252,255,255,-1,-1,-1,1,1,1,1,0,0,0,10
-1,0,0,-1,0,450,64,23,0.7,-1,-1,16,248,252,247,-1,-1,-1,1,1,1,1,0,0,0,9
36,210,2,36,210,137,46,15,0.8,-1,-1,8,49,52,48,255,253,255,1,0,0,0,1,1,1,22
1,2,0,1,2,450,58,28,1.1,-1,-1,18,254,255,249,-1,-1,-1,1,1,1,1,0,0,0,11
41,126,1,41,126,351,105,18,3.7,0,1,19,-1,-1,-1,5,0,7,1,0,0,0,0,0,0,14
36,148,1,36,148,354,93,16,3.6,0,1,18,-1,-1,-1,24,34,32,1,0,0,0,0,0,0,15
52,133,1,52,133,354,94,13,3.2,0,1,15,-1,-1,-1,1,0,3,1,0,0,0,0,0,0,15
36,119,1,36,119,348,100,19,3.4,0,1,20,-1,-1,-1,0,0,3,1,0,0,0,0,0,0,17
53,251,2,53,251,145,43,14,1.2,-1,-1,6,0,1,0,255,248,255,1,0,0,0,1,1,1,23
1,2,0,1,2,443,57,26,0.8,-1,-1,18,255,252,253,-1,-1,-1,1,1,1,1,0,0,0,19
43,245,2,43,245,130,42,18,0.8,-1,-1,10,5,6,5,255,252,255,1,0,0,0,1,1,1,23
42,138,1,42,138,349,100,17,3.3,0,1,17,-1,-1,-1,0,0,7,1,0,0,0,0,0,0,29
-7,3,0,-7,3,447,69,32,0.9,-1,-1,17,251,252,252,-1,-1,-1,1,1,1,1,0,0,0,11
38,161,1,38,161,349,102,14,3.4,0,1,17,-1,-1,-1,0,0,0,1,0,0,0,0,0,0,13
16,114,1,16,114,351,100,18,3.2,0,1,17,-1,-1,-1,12,5,1,1,0,0,0,0,0,0,14
2,-5,0,2,-5,453,78,24,1.1,-1,-1,18,255,255,255,-1,-1,-1,1,1,1,1,0,0,0,9
68,275,2,68,275,142,53,17,0.8,-1,-1,8,2,0,0,252,255,255,1,0,0,0,1,1,1,26
24,213,2,24,213,147,54,16,0.6,-1,-1,8,28,30,32,255,253,247,1,0,0,0,1,1,1,20
55,232,2,55,232,137,47,16,0.7,-1,-1,9,2,5,0,255,255,255,1,0,0,0,1,1,1,29
3,-2,0,3,-2,447,61,27,1.3,-1,-1,16,254,251,250,-1,-1,-1,1,1,1,1,0,0,0,14
65,282,2,65,282,150,51,12,1.2,-1,-1,6,0,4,3,249,254,255,1,0,0,0,1,1,1,24
2,-7,0,2,-7,446,64,21,1.4,-1,-1,16,248,245,253,-1,-1,-1,1,1,1,1,0,0,0,8
3,5,0,3,5,451,58,24,1.0,-1,-1,17,255,253,253,-1,-1,-1,1,1,1,1,0,0,0,8
20,136,1,20,136,355,92,17,3.3,0,1,15,-1,-1,-1,3,0,0,1,0,0,0,0,0,0,15
4,1,0,4,1,453,69,23,1.0,-1,-1,16,245,249,249,-1,-1,-1,1,1,1,1,0,0,0,10
45,242,2,45,242,141,46,17,0.9,-1,-1,9,3,1,0,255,252,255,1,0,0,0,1,1,1,28
22,119,1,22,119,350,98,14,2.9,0,1,19,-1,-1,-1,2,6,0,1,0,0,0,0,0,0,16
18,124,1,18,124,356,90,17,3.1,0,1,18,-1,-1,-1,12,0,8,1,0,0,0,0,0,0,15
36,139,1,36,139,355,100,12,3.9,0,1,14,-1,-1,-1,0,6,0,1,0,0,0,0,0,0,19
18,145,1,18,145,350,107,15,3.7,0,1,16,-1,-1,-1,1,12,1,1,0,0,0,0,0,0,15
12,222,2,12,222,141,54,13,0.8,-1,-1,3,4,4,3,254,255,255,1,0,0,0,1,1,1,24
17,113,1,17,113,345,100,18,2.8,0,1,18,-1,-1,-1,0,1,0,1,0,0,0,0,0,0,14
37,243,2,37,243,120,61,18,0.9,-1,-1,9,6,3,0,253,248,255,1,0,0,0,1,1,1,23
14,244,2,14,244,146,49,16,1.1,-1,-1,23,1,0,10,253,255,255,1,0,0,0,1,1,1,23
2,-3,0,2,-3,445,56,26,1.2,-1,-1,15,252,246,246,-1,-1,-1,1,1,1,1,0,0,0,13
0,-2,0,0,-2,449,55,27,0.9,-1,-1,14,255,255,255,-1,-1,-1,1,1,1,1,0,0,0,7
41,110,1,41,110,359,101,15,3.2,0,1,14,-1,-1,-1,0,2,0,1,0,0,0,0,0,0,18
1,2,0,1,2,455,52,26,1.2,-1,-1,15,233,245,242,-1,-1,-1,1,1,1,1,0,0,0,9
2,-1,0,2,-1,449,77,21,0.9,-1,-1,20,253,255,255,-1,-1,-1,1,1,1,1,0,0,0,10
198,24,2,198,24,153,39,14,0.8,-1,-1,9,0,0,0,255,255,247,1,0,0,0,1,1,1,25
2,-2,0,2,-2,451,69,20,1.0,-1,-1,18,252,251,255,-1,-1,-1,1,1,1,1,0,0,0,8
0,-1,0,0,-1,456,68,27,0.3,-1,-1,19,239,250,246,-1,-1,-1,1,1,1,1,0,0,0,7
299,280,2,299,280,149,55,12,1.1,-1,-1,7,0,0,0,255,246,251,1,0,0,0,1,1,1,25
1,3,0,1,3,451,66,26,0.9,-1,-1,17,240,240,236,-1,-1,-1,1,1,1,1,0,0,0,6
55,135,1,55,135,347,101,12,2.9,0,1,15,-1,-1,-1,0,0,9,1,0,0,0,0,0,0,17
-2,1,0,-2,1,454,68,23,1.1,-1,-1,17,255,255,255,-1,-1,-1,1,1,1,1,0,0,0,7
44,142,1,44,142,353,95,14,3.7,0,1,19,-1,-1,-1,0,10,0,1,0,0,0,0,0,0,19
27,138,1,27,138,348,98,15,3.5,0,1,16,-1,-1,-1,44,48,45,1,0,0,0,0,0,0,15
-4,8,0,-4,8,452,71,21,1.2,-1,-1,15,248,252,255,-1,-1,-1,1,1,1,1,0,0,0,20
-1,4,0,-1,4,443,65,26,0.9,-1,-1,14,255,249,255,-1,-1,-1,1,1,1,1,0,0,0,13
2,1,0,2,1,451,75,24,1.3,-1,-1,20,253,251,250,-1,-1,-1,1,1,1,1,0,0,0,10
-2,1,0,-2,1,450,66,23,1.1,-1,-1,17,250,255,255,-1,-1,-1,1,1,1,1,0,0,0,10
38,108,1,38,108,355,103,13,3.1,0,1,15,-1,-1,-1,0,4,3,1,0,0,0,0,0,0,14
24,231,2,24,231,140,46,15,1.3,-1,-1,9,6,20,24,254,255,255,1,0,0,0,1,1,1,24
1,7,0,1,7,457,68,17,0.7,-1,-1,17,252,250,255,-1,-1,-1,1,1,1,1,0,0,0,11
148,151,2,148,151,129,55,14,1.2,-1,-1,8,0,0,0,243,254,255,1,0,0,0,1,1,1,24
42,137,1,42,137,347,100,17,3.7,0,1,16,-1,-1,-1,8,2,0,1,0,0,0,0,0,0,15
246,141,2,246,141,138,42,14,1.1,-1,-1,2,0,8,0,255,247,255,1,0,0,0,1,1,1,29
0,3,0,0,3,448,55,25,1.0,-1,-1,18,247,250,253,-1,-1,-1,1,1,1,1,0,0,0,8
10,128,1,10,128,344,101,19,3.7,0,1,14,-1,-1,-1,6,0,0,1,0,0,0,0,0,0,13
246,140,2,246,140,140,45,15,1.3,-1,-1,6,2,7,0,255,255,248,1,0,0,0,1,1,1,26
20,148,1,20,148,340,99,17,3.3,0,1,16,-1,-1,-1,24,30,30,1,0,0,0,0,0,0,18
201,14,2,201,14,159,46,18,1.0,-1,-1,5,0,1,4,246,250,247,1,0,0,0,1,1,1,27
39,238,2,39,238,137,47,17,1.1,-1,-1,7,5,4,0,248,252,255,1,0,0,0,1,1,1,23
40,281,2,40,281,142,56,14,0.8,-1,-1,9,0,1,4,253,253,253,1,0,0,0,1,1,1,29
-1,5,0,-1,5,445,62,23,1.1,-1,-1,16,255,255,255,-1,-1,-1,1,1,1,1,0,0,0,11
202,23,2,202,23,149,54,15,0.8,-1,-1,4,4,1,2,255,255,255,1,0,0,0,1,1,1,23
27,141,1,27,141,352,100,16,3.5,0,1,16,-1,-1,-1,42,44,38,1,0,0,0,0,0,0,16
10,98,1,10,98,350,96,15,4.1,0,1,14,-1,-1,-1,8,7,0,1,0,0,0,0,0,0,17
23,122,1,23,122,347,97,16,2.9,0,1,17,-1,-1,-1,1,0,0,1,0,0,0,0,0,0,15
-2,7,0,-2,7,449,76,21,1.1,-1,-1,19,250,255,250,-1,-1,-1,1,1,1,1,0,0,0,12
13,252,2,13,252,142,46,16,1.0,-1,-1,19,0,0,0,255,249,255,1,0,0,0,1,1,1,23
-2,-2,0,-2,-2,450,82,24,1.1,-1,-1,14,255,254,255,-1,-1,-1,1,1,1,1,0,0,0,10
35,144,1,35,144,357,103,20,4.0,0,1,18,-1,-1,-1,1,0,10,1,0,0,0,0,0,0,15
37,99,1,37,99,355,109,19,4.1,0,1,17,-1,-1,-1,0,0,0,1,0,0,0,0,0,0,15
0,-1,0,0,-1,447,74,28,0.9,-1,-1,19,249,251,255,-1,-1,-1,1,1,1,1,0,0,0,10
0,3,0,0,3,449,67,24,1.1,-1,-1,17,255,253,255,-1,-1,-1,1,1,1,1,0,0,0,26
23,124,1,23,124,360,99,16,3.1,0,1,15,-1,-1,-1,0,3,2,1,0,0,0,0,0,0,16
39,143,1,39,143,341,95,16,3.5,0,1,17,-1,-1,-1,4,3,4,1,0,0,0,0,0,0,30
-3,0,0,-3,0,450,62,27,1.3,-1,-1,15,255,255,254,-1,-1,-1,1,1,1,1,0,0,0,10
49,140,1,49,140,352,106,15,3.1,0,1,14,-1,-1,-1,80,70,65,1,0,0,0,0,0,0,14
-2,5,0,-2,5,447,77,29,1.3,-1,-1,18,255,255,255,-1,-1,-1,1,1,1,1,0,0,0,7
201,23,2,201,23,148,44,16,1.5,-1,-1,8,0,0,4,255,253,255,1,0,0,0,1,1,1,25
18,139,1,18,139,354,98,14,3.4,0,1,15,-1,-1,-1,0,0,4,1,0,0,0,0,0,0,14
3,11,0,3,11,459,64,25,1.2,-1,-1,14,255,254,244,-1,-1,-1,1,1,1,1,0,0,0,11
14,249,2,14,249,127,42,17,1.0,-1,-1,25,0,6,1,255,251,255,1,0,0,0,1,1,1,25
64,139,1,64,139,346,104,18,3.4,0,1,13,-1,-1,-1,22,21,14,1,0,0,0,0,0,0,16
-1,14,0,-1,14,447,65,25,0.9,-1,-1,16,255,255,252,-1,-1,-1,1,1,1,1,0,0,0,8
9,216,2,9,216,146,38,16,1.2,-1,-1,8,0,0,0,254,250,249,1,0,0,0,1,1,1,27
18,215,2,18,215,142,45,17,1.0,-1,-1,10,26,24,36,254,239,254,1,0,0,0,1,1,1,25
60,236,2,60,236,146,35,16,1.1,-1,-1,10,0,2,0,251,255,254,1,0,0,0,1,1,1,27
300,279,2,300,279,136,51,17,0.7,-1,-1,10,1,2,0,253,255,255,1,0,0,0,1,1,1,27
36,214,2,36,214,153,51,15,0.9,-1,-1,8,53,52,50,255,255,252,1,0,0,0,1,1,1,22
36,214,2,36,214,145,54,16,1.0,-1,-1,8,52,53,54,247,255,255,1,0,0,0,1,1,1,23
97,196,2,97,196,141,54,17,0.9,-1,-1,5,37,28,39,248,254,249,1,0,0,0,1,1,1,25
17,114,1,17,114,354,100,18,3.5,0,1,18,-1,-1,-1,0,6,0,1,0,0,0,0,0,0,16
43,265,2,43,265,133,48,17,0.9,-1,-1,8,0,3,3,247,255,255,1,0,0,0,1,1,1,26
1,-6,0,1,-6,456,66,22,1.3,-1,-1,16,249,255,254,-1,-1,-1,1,1,1,1,0,0,0,13
-2,0,0,-2,0,446,67,24,1.1,-1,-1,14,255,255,254,-1,-1,-1,1,1,1,1,0,0,0,12
52,241,2,52,241,137,58,16,0.8,-1,-1,6,3,0,1,255,253,255,1,0,0,0,1,1,1,25
52,138,1,52,138,362,106,14,3.6,0,1,16,-1,-1,-1,68,70,85,1,0,0,0,0,0,0,15
46,242,2,46,242,142,48,17,0.6,-1,-1,6,0,0,0,255,255,255,1,0,0,0,1,1,1,27
0,1,0,0,1,445,58,25,1.1,-1,-1,15,253,255,255,-1,-1,-1,1,1,1,1,0,0,0,11
42,285,2,42,285,142,40,14,1.0,-1,-1,9,2,0,0,252,248,252,1,0,0,0,1,1,1,22
50,145,1,50,145,344,96,13,3.6,0,1,14,-1,-1,-1,67,60,73,1,0,0,0,0,0,0,14
-1,4,0,-1,4,442,60,26,1.1,-1,-1,16,242,236,246,-1,-1,-1,1,1,1,1,0,0,0,11
299,278,2,299,278,150,46,14,1.1,-1,-1,9,0,6,5,248,246,255,1,0,0,0,1,1,1,23
40,282,2,40,282,134,49,13,0.9,-1,-1,8,6,4,0,252,253,255,1,0,0,0,1,1,1,23
248,139,2,248,139,141,42,15,0.9,-1,-1,4,0,5,0,255,253,247,1,0,0,0,1,1,1,20
26,148,1,26,148,349,98,17,3.3,0,1,14,-1,-1,-1,44,47,39,1,0,0,0,0,0,0,17
1,3,0,1,3,452,65,21,0.7,-1,-1,17,255,254,251,-1,-1,-1,1,1,1,1,0,0,0,8
38,151,1,38,151,348,111,14,3.4,0,1,16,-1,-1,-1,32,36,19,1,0,0,0,0,0,0,12
59,232,2,59,232,140,45,22,0.9,-1,-1,8,8,0,0,255,255,255,1,0,0,0,1,1,1,25
15,102,1,15,102,351,108,18,4.3,0,1,19,-1,-1,-1,1,0,0,1,0,0,0,0,0,0,18
38,98,1,38,98,347,105,13,4.2,0,1,15,-1,-1,-1,0,0,5,1,0,0,0,0,0,0,13
-2,4,0,-2,4,447,73,25,1.2,-1,-1,15,250,255,251,-1,-1,-1,1,1,1,1,0,0,0,9
253,259,2,253,259,154,41,14,1.1,-1,-1,9,1,0,0,255,248,255,1,0,0,0,1,1,1,25
42,140,1,42,140,348,100,18,3.2,0,1,18,-1,-1,-1,0,0,3,1,0,0,0,0,0,0,30
30,213,2,30,213,146,39,19,0.8,-1,-1,8,50,43,54,255,255,255,1,0,0,0,1,1,1,25
35,246,2,35,246,141,43,14,0.8,-1,-1,12,3,0,0,255,255,255,1,0,0,0,1,1,1,24
42,151,1,42,151,339,96,20,3.5,0,1,15,-1,-1,-1,42,31,40,1,0,0,0,0,0,0,14
52,132,1,52,132,343,100,20,3.3,0,1,20,-1,-1,-1,5,0,8,1,0,0,0,0,0,0,16
45,240,2,45,240,125,64,17,1.2,-1,-1,4,0,0,7,251,255,255,1,0,0,0,1,1,1,27
102,229,2,102,229,145,50,17,1.3,-1,-1,7,23,17,30,255,250,254,1,0,0,0,1,1,1,27
24,12,2,24,12,137,48,16,0.9,-1,-1,15,14,0,5,254,248,255,1,0,0,0,1,1,1,26
13,103,1,13,103,355,103,17,3.9,0,1,15,-1,-1,-1,0,0,7,1,0,0,0,0,0,0,16
25,152,1,25,152,335,99,18,3.4,0,1,17,-1,-1,-1,28,28,28,1,0,0,0,0,0,0,12
27,137,1,27,137,352,98,14,3.2,0,1,15,-1,-1,-1,37,37,44,1,0,0,0,0,0,0,17
41,285,2,41,285,143,52,14,1.2,-1,-1,9,0,9,6,252,252,255,1,0,0,0,1,1,1,24
42,236,2,42,236,124,64,14,1.0,-1,-1,7,4,0,0,255,255,252,1,0,0,0,1,1,1,22
67,157,1,67,157,350,107,13,3.3,0,1,15,-1,-1,-1,4,0,0,1,0,0,0,0,0,0,17
42,109,1,42,109,351,103,17,2.9,0,1,18,-1,-1,-1,0,1,5,1,0,0,0,0,0,0,15
47,241,2,47,241,129,52,15,1.1,-1,-1,5,0,4,0,255,251,255,1,0,0,0,1,1,1,24
3,5,0,3,5,455,63,22,0.7,-1,-1,14,255,255,253,-1,-1,-1,1,1,1,1,0,0,0,13
3,3,0,3,3,460,71,25,1.3,-1,-1,16,255,255,248,-1,-1,-1,1,1,1,1,0,0,0,21
151,237,2,151,237,148,38,12,1.1,-1,-1,6,7,0,0,255,254,255,1,0,0,0,1,1,1,22
40,107,1,40,107,346,102,14,3.3,0,1,18,-1,-1,-1,4,0,0,1,0,0,0,0,0,0,17
13,215,2,13,215,142,44,19,0.9,-1,-1,6,29,35,39,254,253,255,1,0,0,0,1,1,1,27
11,129,1,11,129,339,90,14,3.4,0,1,18,-1,-1,-1,0,0,0,1,0,0,0,0,0,0,15
3,1,0,3,1,449,72,23,1.0,-1,-1,19,255,251,247,-1,-1,-1,1,1,1,1,0,0,0,7
1,1,0,1,1,442,57,25,1.0,-1,-1,15,245,236,236,-1,-1,-1,1,1,1,1,0,0,0,12
28,237,2,28,237,131,42,17,1.0,-1,-1,0,3,2,0,255,254,255,1,0,0,0,1,1,1,27
-6,140,1,-6,140,344,103,14,3.5,0,1,18,-1,-1,-1,54,50,65,1,0,0,0,0,0,0,17
2,-2,0,2,-2,445,56,23,1.1,-1,-1,18,255,255,253,-1,-1,-1,1,1,1,1,0,0,0,18
34,116,1,34,116,339,104,15,3.8,0,1,13,-1,-1,-1,8,10,12,1,0,0,0,0,0,0,17
-3,-4,0,-3,-4,449,56,23,0.9,-1,-1,17,246,252,255,-1,-1,-1,1,1,1,1,0,0,0,11
9,129,1,9,129,348,97,18,3.5,0,1,14,-1,-1,-1,0,9,0,1,0,0,0,0,0,0,14
1,-3,0,1,-3,447,56,26,1.0,-1,-1,15,255,255,255,-1,-1,-1,1,1,1,1,0,0,0,9
18,9,2,18,9,147,57,14,0.8,-1,-1,11,0,5,6,251,255,251,1,0,0,0,1,1,1,26
304,280,2,304,280,143,35,13,1.1,-1,-1,6,0,0,5,255,255,255,1,0,0,0,1,1,1,23
301,281,2,301,281,136,47,17,1.1,-1,-1,7,0,0,0,255,255,248,1,0,0,0,1,1,1,27
301,284,2,301,284,146,54,17,1.4,-1,-1,8,2,12,0,253,255,255,1,0,0,0,1,1,1,23
-1,-7,0,-1,-7,447,59,23,0.9,-1,-1,16,255,255,247,-1,-1,-1,1,1,1,1,0,0,0,10
-6,-6,0,-6,-6,458,58,22,0.8,-1,-1,16,255,255,255,-1,-1,-1,1,1,1,1,0,0,0,9
42,153,1,42,153,351,102,16,3.8,0,1,15,-1,-1,-1,33,32,39,1,0,0,0,0,0,0,18
41,113,1,41,113,348,102,16,2.9,0,1,17,-1,-1,-1,0,0,0,1,0,0,0,0,0,0,18
47,239,2,47,239,137,64,14,0.5,-1,-1,6,4,0,0,244,248,255,1,0,0,0,1,1,1,25
0,-1,0,0,-1,453,66,19,0.8,-1,-1,20,255,255,255,-1,-1,-1,1,1,1,1,0,0,0,11
152,147,2,152,147,144,48,17,0.6,-1,-1,9,0,0,0,255,255,255,1,0,0,0,1,1,1,23
7,99,1,7,99,354,101,18,3.7,0,1,15,-1,-1,-1,0,0,0,1,0,0,0,0,0,0,12
25,120,1,25,120,356,92,13,2.8,0,1,17,-1,-1,-1,2,5,2,1,0,0,0,0,0,0,14
13,-1,0,13,-1,459,64,33,1.0,-1,-1,14,255,250,246,-1,-1,-1,1,1,1,1,0,0,0,12
-4,8,0,-4,8,460,62,23,1.4,-1,-1,17,255,255,253,-1,-1,-1,1,1,1,1,0,0,0,10
41,240,2,41,240,120,64,16,1.4,-1,-1,11,0,2,0,253,246,252,1,0,0,0,1,1,1,25
26,121,1,26,121,350,90,13,3.5,0,1,16,-1,-1,-1,5,2,0,1,0,0,0,0,0,0,18
-7,0,0,-7,0,451,60,23,1.1,-1,-1,17,255,249,250,-1,-1,-1,1,1,1,1,0,0,0,7
-4,5,0,-4,5,445,63,23,0.7,-1,-1,15,249,249,254,-1,-1,-1,1,1,1,1,0,0,0,9
0,4,0,0,4,445,65,26,0.8,-1,-1,17,255,255,247,-1,-1,-1,1,1,1,1,0,0,0,10
51,232,2,51,232,143,51,18,0.9,-1,-1,8,0,9,1,255,255,242,1,0,0,0,1,1,1,24
3,-6,0,3,-6,457,68,24,1.0,-1,-1,16,255,254,250,-1,-1,-1,1,1,1,1,0,0,0,10
0,-2,0,0,-2,443,68,23,0.9,-1,-1,18,244,234,250,-1,-1,-1,1,1,1,1,0,0,0,10
-6,3,0,-6,3,448,61,22,1.2,-1,-1,15,233,244,230,-1,-1,-1,1,1,1,1,0,0,0,13
4,0,0,4,0,440,58,19,0.7,-1,-1,12,255,254,255,-1,-1,-1,1,1,1,1,0,0,0,22
-3,2,0,-3,2,453,60,27,1.1,-1,-1,17,255,255,255,-1,-1,-1,1,1,1,1,0,0,0,12
149,242,2,149,242,160,42,18,0.9,-1,-1,10,4,1,0,255,255,245,1,0,0,0,1,1,1,22
64,154,1,64,154,348,101,17,3.3,0,1,16,-1,-1,-1,2,0,5,1,0,0,0,0,0,0,14
-5,5,0,-5,5,450,65,26,1.2,-1,-1,17,236,249,244,-1,-1,-1,1,1,1,1,0,0,0,7
17,119,1,17,119,347,104,20,3.2,0,1,17,-1,-1,-1,1,0,0,1,0,0,0,0,0,0,19
2,140,1,2,140,348,94,15,3.6,0,1,18,-1,-1,-1,51,53,52,1,0,0,0,0,0,0,12
29,122,1,29,122,349,103,20,3.2,0,1,16,-1,-1,-1,1,0,1,1,0,0,0,0,0,0,20
40,141,1,40,141,353,98,17,3.4,0,1,15,-1,-1,-1,0,1,7,1,0,0,0,0,0,0,15
43,145,1,43,145,349,103,18,3.8,0,1,15,-1,-1,-1,9,0,2,1,0,0,0,0,0,0,13
40,121,1,40,121,349,100,16,3.6,0,1,19,-1,-1,-1,7,0,2,1,0,0,0,0,0,0,17
1,1,0,1,1,451,62,26,0.8,-1,-1,12,247,253,255,-1,-1,-1,1,1,1,1,0,0,0,12
40,160,1,40,160,351,105,19,4.0,0,1,18,-1,-1,-1,0,0,0,1,0,0,0,0,0,0,14
103,231,2,103,231,135,41,12,1.3,-1,-1,8,19,20,11,255,255,255,1,0,0,0,1,1,1,26
1,6,0,1,6,453,70,22,0.9,-1,-1,14,251,252,252,-1,-1,-1,1,1,1,1,0,0,0,13
3,11,0,3,11,460,64,24,0.9,-1,-1,13,255,251,255,-1,-1,-1,1,1,1,1,0,0,0,12
199,19,2,199,19,148,46,17,0.8,-1,-1,11,5,2,7,255,252,249,1,0,0,0,1,1,1,26
1,251,2,1,251,144,54,13,0.8,-1,-1,7,17,10,10,250,255,255,1,0,0,0,1,1,1,23
10,217,2,10,217,137,49,16,1.5,-1,-1,5,0,0,0,255,254,255,1,0,0,0,1,1,1,23
-2,3,0,-2,3,456,66,25,0.8,-1,-1,17,255,250,255,-1,-1,-1,1,1,1,1,0,0,0,22
6,-3,0,6,-3,445,65,23,1.1,-1,-1,14,248,246,241,-1,-1,-1,1,1,1,1,0,0,0,14
6,-4,0,6,-4,446,62,26,1.0,-1,-1,16,255,249,255,-1,-1,-1,1,1,1,1,0,0,0,18
-4,2,0,-4,2,454,56,23,0.9,-1,-1,12,255,251,249,-1,-1,-1,1,1,1,1,0,0,0,10
0,-2,0,0,-2,448,68,27,0.8,-1,-1,15,251,254,250,-1,-1,-1,1,1,1,1,0,0,0,7
51,249,2,51,249,145,46,17,1.0,-1,-1,3,0,0,5,255,255,255,1,0,0,0,1,1,1,23
4,-6,0,4,-6,456,63,25,1.0,-1,-1,17,255,251,255,-1,-1,-1,1,1,1,1,0,0,0,9
201,23,2,201,23,147,45,17,1.1,-1,-1,11,7,3,0,253,255,255,1,0,0,0,1,1,1,25
300,280,2,300,280,143,50,15,0.8,-1,-1,8,4,0,0,255,255,255,1,0,0,0,1,1,1,22
48,242,2,48,242,140,57,15,1.0,-1,-1,8,12,0,1,253,255,246,1,0,0,0,1,1,1,26
0,4,0,0,4,454,67,31,0.7,-1,-1,11,253,255,255,-1,-1,-1,1,1,1,1,0,0,0,13
40,114,1,40,114,357,91,15,3.0,0,1,14,-1,-1,-1,0,12,0,1,0,0,0,0,0,0,14
-2,3,0,-2,3,450,66,32,1.0,-1,-1,20,252,255,255,-1,-1,-1,1,1,1,1,0,0,0,10
42,242,2,42,242,116,51,15,0.9,-1,-1,9,0,4,1,253,253,255,1,0,0,0,1,1,1,26
148,242,2,148,242,163,48,15,1.0,-1,-1,7,0,0,10,254,255,255,1,0,0,0,1,1,1,21
55,132,1,55,132,347,96,17,3.5,0,1,16,-1,-1,-1,0,2,11,1,0,0,0,0,0,0,16
31,245,2,31,245,142,46,16,0.9,-1,-1,0,0,0,5,255,255,255,1,0,0,0,1,1,1,23
8,1,0,8,1,450,73,22,1.1,-1,-1,16,246,238,253,-1,-1,-1,1,1,1,1,0,0,0,7
32,121,1,32,121,355,95,16,2.4,0,1,18,-1,-1,-1,6,4,6,1,0,0,0,0,0,0,19
3,-3,0,3,-3,451,64,28,1.3,-1,-1,18,255,255,255,-1,-1,-1,1,1,1,1,0,0,0,20
-2,0,0,-2,0,450,58,25,0.8,-1,-1,17,242,253,250,-1,-1,-1,1,1,1,1,0,0,0,11
2,6,0,2,6,454,65,23,0.6,-1,-1,14,255,250,255,-1,-1,-1,1,1,1,1,0,0,0,11
37,285,2,37,285,145,48,16,0.7,-1,-1,11,0,4,0,254,251,255,1,0,0,0,1,1,1,26
-7,0,0,-7,0,455,60,20,1.6,-1,-1,16,255,255,250,-1,-1,-1,1,1,1,1,0,0,0,8
19,137,1,19,137,355,103,15,3.7,0,1,14,-1,-1,-1,0,0,0,1,0,0,0,0,0,0,18
11,132,1,11,132,347,99,17,3.7,0,1,17,-1,-1,-1,0,1,0,1,0,0,0,0,0,0,14
1,-8,0,1,-8,454,72,26,0.8,-1,-1,17,255,252,247,-1,-1,-1,1,1,1,1,0,0,0,20
10,252,2,10,252,145,46,17,1.0,-1,-1,25,0,2,4,255,255,255,1,0,0,0,1,1,1,24
2,-5,0,2,-5,451,64,23,1.0,-1,-1,14,252,255,255,-1,-1,-1,1,1,1,1,0,0,0,13
23,232,2,23,232,154,44,16,1.0,-1,-1,9,17,22,13,255,251,255,1,0,0,0,1,1,1,27
1,253,2,1,253,136,49,15,0.9,-1,-1,8,18,8,13,255,255,253,1,0,0,0,1,1,1,26
21,236,2,21,236,139,49,14,1.1,-1,-1,8,18,18,22,250,255,254,1,0,0,0,1,1,1,24
51,234,2,51,234,142,52,14,0.9,-1,-1,8,4,0,0,255,251,255,1,0,0,0,1,1,1,24
3,4,0,3,4,450,60,35,1.0,-1,-1,15,255,255,255,-1,-1,-1,1,1,1,1,0,0,0,10
-4,-2,0,-4,-2,456,60,24,1.0,-1,-1,18,255,255,255,-1,-1,-1,1,1,1,1,0,0,0,10
59,238,2,59,238,143,49,18,1.1,-1,-1,8,0,0,0,255,246,252,1,0,0,0,1,1,1,27
8,223,2,8,223,142,52,17,1.0,-1,-1,7,5,0,7,255,247,255,1,0,0,0,1,1,1,23
68,151,1,68,151,351,105,13,3.4,0,1,19,-1,-1,-1,6,0,1,1,0,0,0,0,0,0,17
-2,0,0,-2,0,458,68,24,0.9,-1,-1,13,246,255,253,-1,-1,-1,1,1,1,1,0,0,0,10
12,221,2,12,221,150,44,14,1.2,-1,-1,11,1,0,0,254,255,255,1,0,0,0,1,1,1,22
50,242,2,50,242,130,53,14,1.3,-1,-1,5,0,2,3,255,255,255,1,0,0,0,1,1,1,24
45,242,2,45,242,117,58,19,0.8,-1,-1,6,0,8,0,251,254,255,1,0,0,0,1,1,1,24
0,7,0,0,7,446,64,24,1.0,-1,-1,14,252,253,250,-1,-1,-1,1,1,1,1,0,0,0,11
63,155,1,63,155,356,91,21,3.3,0,1,17,-1,-1,-1,0,1,0,1,0,0,0,0,0,0,18
56,142,1,56,142,352,101,19,3.5,0,1,13,-1,-1,-1,16,20,20,1,0,0,0,0,0,0,13
16,126,1,16,126,350,102,16,3.2,0,1,16,-1,-1,-1,5,3,4,1,0,0,0,0,0,0,16
51,137,1,51,137,353,98,18,3.1,0,1,14,-1,-1,-1,6,4,5,1,0,0,0,0,0,0,15
23,232,2,23,232,140,56,14,1.1,-1,-1,10,22,18,20,255,255,251,1,0,0,0,1,1,1,27
41,155,1,41,155,352,102,14,3.9,0,1,15,-1,-1,-1,0,4,0,1,0,0,0,0,0,0,16
0,253,2,0,253,146,41,16,1.3,-1,-1,5,13,17,3,247,255,255,1,0,0,0,1,1,1,24
-2,1,0,-2,1,454,63,23,1.2,-1,-1,14,238,245,236,-1,-1,-1,1,1,1,1,0,0,0,14
154,240,2,154,240,165,52,16,1.3,-1,-1,9,0,5,0,255,255,255,1,0,0,0,1,1,1,25
0,4,0,0,4,437,71,20,1.4,-1,-1,14,237,238,252,-1,-1,-1,1,1,1,1,0,0,0,8
-3,0,0,-3,0,451,58,24,0.9,-1,-1,14,234,238,238,-1,-1,-1,1,1,1,1,0,0,0,12
4,4,0,4,4,448,59,24,1.0,-1,-1,15,255,254,254,-1,-1,-1,1,1,1,1,0,0,0,8
45,279,2,45,279,137,39,17,0.5,-1,-1,8,5,1,7,250,255,255,1,0,0,0,1,1,1,25
0,1,0,0,1,442,72,19,1.4,-1,-1,13,255,254,252,-1,-1,-1,1,1,1,1,0,0,0,19
46,269,2,46,269,127,52,16,1.5,-1,-1,5,3,0,0,241,250,255,1,0,0,0,1,1,1,26
15,117,1,15,117,349,102,16,3.1,0,1,13,-1,-1,-1,0,0,2,1,0,0,0,0,0,0,15
33,207,2,33,207,136,47,19,1.0,-1,-1,6,46,57,49,253,255,255,1,0,0,0,1,1,1,24
254,139,2,254,139,149,47,17,1.0,-1,-1,4,1,3,0,250,255,255,1,0,0,0,1,1,1,20
21,118,1,21,118,346,90,15,2.8,0,1,17,-1,-1,-1,0,0,0,1,0,0,0,0,0,0,19
60,134,1,60,134,356,105,20,3.3,0,1,16,-1,-1,-1,3,0,1,1,0,0,0,0,0,0,18
251,263,2,251,263,148,41,16,0.8,-1,-1,5,0,9,7,252,255,255,1,0,0,0,1,1,1,26
48,264,2,48,264,127,53,17,1.0,-1,-1,6,4,2,5,255,255,246,1,0,0,0,1,1,1,27
-2,0,0,-2,0,456,63,25,1.0,-1,-1,13,250,238,245,-1,-1,-1,1,1,1,1,0,0,0,9
41,242,2,41,242,134,36,12,0.9,-1,-1,6,5,0,7,255,253,255,1,0,0,0,1,1,1,25
6,3,0,6,3,455,58,25,0.8,-1,-1,14,255,255,254,-1,-1,-1,1,1,1,1,0,0,0,11
200,15,2,200,15,144,46,14,0.7,-1,-1,9,1,0,0,254,255,255,1,0,0,0,1,1,1,24
-1,-1,0,-1,-1,451,68,21,0.8,-1,-1,16,252,246,255,-1,-1,-1,1,1,1,1,0,0,0,12
40,236,2,40,236,143,44,15,0.9,-1,-1,10,1,0,0,252,255,255,1,0,0,0,1,1,1,25
250,140,2,250,140,141,47,18,1.1,-1,-1,1,0,6,6,255,255,255,1,0,0,0,1,1,1,26
4,7,0,4,7,449,61,22,0.6,-1,-1,17,252,249,250,-1,-1,-1,1,1,1,1,0,0,0,12
18,230,2,18,230,141,50,16,0.9,-1,-1,11,20,15,12,253,255,255,1,0,0,0,1,1,1,26
59,135,1,59,135,348,104,14,3.0,0,1,14,-1,-1,-1,7,26,4,1,0,0,0,0,0,0,18
41,239,2,41,239,112,55,16,0.7,-1,-1,8,1,0,0,255,255,248,1,0,0,0,1,1,1,27
4,0,0,4,0,449,58,26,1.1,-1,-1,14,252,255,250,-1,-1,-1,1,1,1,1,0,0,0,11
7,1,0,7,1,455,66,26,0.9,-1,-1,18,255,250,255,-1,-1,-1,1,1,1,1,0,0,0,9
-1,-1,0,-1,-1,450,71,15,0.9,-1,-1,16,255,254,255,-1,-1,-1,1,1,1,1,0,0,0,20
1,3,0,1,3,447,59,29,1.2,-1,-1,16,255,251,248,-1,-1,-1,1,1,1,1,0,0,0,6
-1,0,0,-1,0,446,62,23,1.2,-1,-1,18,255,255,250,-1,-1,-1,1,1,1,1,0,0,0,18
28,123,1,28,123,346,103,18,3.2,0,1,15,-1,-1,-1,2,0,1,1,0,0,0,0,0,0,14
-6,141,1,-6,141,351,99,13,3.9,0,1,17,-1,-1,-1,59,48,49,1,0,0,0,0,0,0,18
2,3,0,2,3,444,66,25,0.9,-1,-1,16,255,249,254,-1,-1,-1,1,1,1,1,0,0,0,13
37,157,1,37,157,349,96,18,4.5,0,1,20,-1,-1,-1,0,0,0,1,0,0,0,0,0,0,14
50,125,1,50,125,346,97,16,3.3,0,1,17,-1,-1,-1,0,1,4,1,0,0,0,0,0,0,16
38,234,2,38,234,135,53,15,1.2,-1,-1,12,0,0,8,255,255,255,1,0,0,0,1,1,1,24
38,160,1,38,160,342,105,17,4.0,0,1,15,-1,-1,-1,0,0,0,1,0,0,0,0,0,0,20
48,138,1,48,138,356,105,16,3.2,0,1,15,-1,-1,-1,0,0,0,1,0,0,0,0,0,0,16
-2,-3,0,-2,-3,451,55,32,0.9,-1,-1,19,255,255,248,-1,-1,-1,1,1,1,1,0,0,0,7
250,262,2,250,262,145,44,19,0.7,-1,-1,7,1,1,0,255,253,255,1,0,0,0,1,1,1,27
50,145,1,50,145,347,100,18,3.7,0,1,14,-1,-1,-1,6,4,0,1,0,0,0,0,0,0,17
-7,143,1,-7,143,356,105,16,3.6,0,1,16,-1,-1,-1,47,49,53,1,0,0,0,0,0,0,19
30,236,2,30,236,141,55,18,1.2,-1,-1,0,0,0,0,254,255,239,1,0,0,0,1,1,1,28
0,-6,0,0,-6,445,52,23,0.9,-1,-1,18,249,255,255,-1,-1,-1,1,1,1,1,0,0,0,8
8,102,1,8,102,351,99,17,4.1,0,1,15,-1,-1,-1,0,0,4,1,0,0,0,0,0,0,12
24,8,2,24,8,147,42,18,0.7,-1,-1,14,6,0,1,255,255,255,1,0,0,0,1,1,1,24
2,251,2,2,251,132,58,14,1.1,-1,-1,5,21,15,13,255,255,251,1,0,0,0,1,1,1,26
69,150,1,69,150,353,98,13,3.2,0,1,16,-1,-1,-1,5,1,0,1,0,0,0,0,0,0,12
51,246,2,51,246,132,46,13,1.2,-1,-1,7,0,0,0,255,255,255,1,0,0,0,1,1,1,23
66,275,2,66,275,148,45,19,0.7,-1,-1,8,0,0,1,255,255,246,1,0,0,0,1,1,1,24
2,2,0,2,2,449,55,24,1.0,-1,-1,18,254,255,255,-1,-1,-1,1,1,1,1,0,0,0,12
0,0,0,0,0,444,65,19,1.1,-1,-1,15,253,255,255,-1,-1,-1,1,1,1,1,0,0,0,16
36,281,2,36,281,135,45,13,1.4,-1,-1,12,2,0,4,255,253,255,1,0,0,0,1,1,1,27
202,20,2,202,20,149,53,18,0.8,-1,-1,9,0,2,0,246,255,255,1,0,0,0,1,1,1,27
57,137,1,57,137,343,100,17,3.3,0,1,19,-1,-1,-1,18,19,21,1,0,0,0,0,0,0,17
22,126,1,22,126,349,110,15,3.0,0,1,18,-1,-1,-1,0,0,4,1,0,0,0,0,0,0,14
48,149,1,48,149,352,102,15,3.6,0,1,17,-1,-1,-1,2,1,3,1,0,0,0,0,0,0,15
7,129,1,7,129,355,102,13,3.5,0,1,21,-1,-1,-1,4,0,4,1,0,0,0,0,0,0,15
0,0,0,0,0,452,67,21,1.0,-1,-1,17,255,249,255,-1,-1,-1,1,1,1,1,0,0,0,12
-9,-2,0,-9,-2,444,59,24,0.6,-1,-1,18,252,255,255,-1,-1,-1,1,1,1,1,0,0,0,8
37,161,1,37,161,362,100,19,4.2,0,1,14,-1,-1,-1,0,0,0,1,0,0,0,0,0,0,14
31,121,1,31,121,353,100,19,3.6,0,1,15,-1,-1,-1,5,4,6,1,0,0,0,0,0,0,16
3,5,0,3,5,453,65,22,1.0,-1,-1,9,249,254,246,-1,-1,-1,1,1,1,1,0,0,0,7
2,-3,0,2,-3,442,53,27,1.1,-1,-1,14,237,245,243,-1,-1,-1,1,1,1,1,0,0,0,14
1,1,0,1,1,455,60,24,1.0,-1,-1,16,253,245,239,-1,-1,-1,1,1,1,1,0,0,0,11
4,-3,0,4,-3,454,72,24,1.0,-1,-1,15,254,255,254,-1,-1,-1,1,1,1,1,0,0,0,9
44,158,1,44,158,352,100,16,4.3,0,1,18,-1,-1,-1,0,3,0,1,0,0,0,0,0,0,15
98,229,2,98,229,136,46,16,1.2,-1,-1,9,22,23,24,253,255,255,1,0,0,0,1,1,1,26
58,237,2,58,237,137,47,16,1.0,-1,-1,7,0,13,4,245,247,255,1,0,0,0,1,1,1,27
-7,-1,0,-7,-1,443,50,21,1.0,-1,-1,15,255,252,254,-1,-1,-1,1,1,1,1,0,0,0,11
45,137,1,45,137,347,103,17,3.7,0,1,17,-1,-1,-1,0,0,0,1,0,0,0,0,0,0,29
153,243,2,153,243,159,44,16,0.7,-1,-1,8,4,2,6,252,252,254,1,0,0,0,1,1,1,23
30,120,1,30,120,357,106,13,2.9,0,1,19,-1,-1,-1,0,0,4,1,0,0,0,0,0,0,15
41,242,2,41,242,116,64,14,1.0,-1,-1,10,0,0,3,252,253,255,1,0,0,0,1,1,1,27
25,146,1,25,146,350,100,17,3.3,0,1,15,-1,-1,-1,28,28,24,1,0,0,0,0,0,0,16
41,142,1,41,142,353,95,16,3.7,0,1,13,-1,-1,-1,2,1,0,1,0,0,0,0,0,0,14
-5,2,0,-5,2,453,57,24,1.0,-1,-1,18,249,254,255,-1,-1,-1,1,1,1,1,0,0,0,7
49,144,1,49,144,347,97,19,3.7,0,1,15,-1,-1,-1,61,72,67,1,0,0,0,0,0,0,18
17,116,1,17,116,348,97,18,3.0,0,1,15,-1,-1,-1,0,9,2,1,0,0,0,0,0,0,13
13,127,1,13,127,357,106,18,3.2,0,1,16,-1,-1,-1,0,0,1,1,0,0,0,0,0,0,14
-5,-2,0,-5,-2,448,75,24,1.0,-1,-1,14,255,251,252,-1,-1,-1,1,1,1,1,0,0,0,10
